{"cameraMode":{"drawMode":0,"name":"Shaded","section":"Shading Mode"},"sceneLighting":false,"audioPlay":false,"sceneViewState":{"showFog":false,"showMaterialUpdate":false,"showSkybox":false,"showFlares":false,"showImageEffects":false,"showParticleSystems":false},"in2DMode":false,"pivot":{"x":0.17645001411437989,"y":0.17645001411437989,"z":1.1764500141143799},"rotation":{"x":0.019628223031759263,"y":0.9365949630737305,"z":0.3458063006401062,"w":-0.053160905838012698},"size":1.8824880123138428,"orthographic":false}