{"cameraMode":{"drawMode":0,"name":"Shaded","section":"Shading Mode"},"sceneLighting":false,"audioPlay":false,"sceneViewState":{"showFog":false,"showMaterialUpdate":false,"showSkybox":false,"showFlares":false,"showImageEffects":false,"showParticleSystems":false},"in2DMode":false,"pivot":{"x":0.0959266871213913,"y":0.09562499821186066,"z":-0.09562500566244126},"rotation":{"x":0.006708070635795593,"y":0.9851781129837036,"z":0.16677136719226838,"w":-0.039624493569135669},"size":0.5685798525810242,"orthographic":false}