{"cameraMode":{"drawMode":0,"name":"Shaded","section":"Shading Mode"},"sceneLighting":true,"audioPlay":false,"sceneViewState":{"showFog":false,"showMaterialUpdate":false,"showSkybox":false,"showFlares":false,"showImageEffects":false,"showParticleSystems":false},"in2DMode":false,"pivot":{"x":-0.000007819384336471558,"y":0.0023495443165302278,"z":-0.06759171187877655},"rotation":{"x":-0.0452968031167984,"y":0.9431183934211731,"z":-0.14428450167179109,"w":-0.2960854470729828},"size":0.2857883870601654,"orthographic":false}