{"cameraMode":{"drawMode":0,"name":"Shaded","section":"Shading Mode"},"sceneLighting":false,"audioPlay":false,"sceneViewState":{"showFog":false,"showMaterialUpdate":false,"showSkybox":false,"showFlares":false,"showImageEffects":false,"showParticleSystems":false},"in2DMode":false,"pivot":{"x":0.04020112007856369,"y":0.03999999910593033,"z":-0.03999999910593033},"rotation":{"x":-0.03842970356345177,"y":0.9551525115966797,"z":-0.14319443702697755,"w":-0.25634148716926577},"size":0.5148025155067444,"orthographic":false}