{"cameraMode":{"drawMode":0,"name":"Shaded","section":"Shading Mode"},"sceneLighting":false,"audioPlay":false,"sceneViewState":{"showFog":false,"showMaterialUpdate":false,"showSkybox":false,"showFlares":false,"showImageEffects":false,"showParticleSystems":false},"in2DMode":false,"pivot":{"x":0.20100557804107667,"y":0.19999998807907105,"z":-0.19999998807907105},"rotation":{"x":-0.03842970356345177,"y":0.9551525115966797,"z":-0.14319443702697755,"w":-0.25634148716926577},"size":2.5740127563476564,"orthographic":false}